Timestamp,Timeofday,Cable_X_pos,Cable_Y_pos,Cable_Z_pos,Cable_offset_X,Cable_offset_Y,Cable_offset_Z,Norm_X_comp,Norm_Y_comp,Norm_Z_comp,Cable_lock
1759745757,121557.031,619510.8569,5806174.83,40.4558,-0.07,0.02,-1.03,0.05,0.97,0.01,1
1759745757,121557.235,619510.8569,5806174.83,40.4558,-0.07,0.02,-1.03,0.05,0.97,0.01,1
1759745757,121557.451,619510.8569,5806174.83,40.4558,-0.07,0.02,-1.03,0.05,0.97,0.01,1
1759745758,121557.655,619510.8569,5806174.83,40.4558,-0.07,0.02,-1.03,0.05,0.97,0.01,1
1759745758,121557.857,619510.8569,5806174.83,40.4558,-0.07,0.02,-1.03,0.05,0.97,0.01,1
1759745758,121558.06,619510.8569,5806174.83,40.4558,-0.07,0.02,-1.03,0.05,0.97,0.01,1
1759745758,121558.263,619510.8569,5806174.83,40.4558,-0.07,0.02,-1.03,0.05,0.97,0.01,1
1759745758,121558.465,619510.8569,5806174.83,40.4558,-0.07,0.02,-1.03,0.05,0.97,0.01,1
1759745759,121558.682,619510.8569,5806174.83,40.4558,-0.07,0.02,-1.03,0.05,0.97,0.01,1
1759745759,121558.883,619510.8569,5806174.83,40.4558,-0.07,0.02,-1.03,0.05,0.97,0.01,1
1759745759,121559.085,619510.8569,5806174.83,40.4558,-0.07,0.02,-1.03,0.05,0.97,0.01,1
1759745759,121559.288,619510.939,5806174.841,40.4463,-0.07,0.02,-1.03,0.05,0.97,0.01,1
1759745759,121559.491,619510.9674,5806174.85,40.444,-0.07,0.02,-1.03,0.05,0.97,0.01,1
1759745760,121559.694,619510.9195,5806174.853,40.4355,-0.07,0.02,-1.03,0.05,0.97,0.01,1
1759745760,121559.912,619510.7179,5806174.853,40.4467,-0.07,0.02,-1.03,0.05,0.97,0.01,1
1759745760,121600.115,619510.6227,5806174.867,40.4428,-0.04,0.01,-1.04,0.07,0.97,0,1
1759745760,121600.317,619510.5377,5806174.851,40.4394,-0.04,0,-1.04,0.06,0.97,0,1
1759745761,121600.519,619510.3661,5806174.864,40.4339,-0.05,0,-1.05,0.06,0.97,-0.01,1
1759745761,121600.721,619510.135,5806174.85,40.4247,-0.05,0,-1.05,0.06,0.97,-0.01,1
1759745761,121600.937,619509.9102,5806174.854,40.4266,-0.05,0,-1.05,0.06,0.97,-0.01,1
1759745761,121601.138,619509.6394,5806174.846,40.4283,-0.05,0,-1.05,0.06,0.97,-0.01,1
1759745761,121601.339,619509.4416,5806174.793,40.4699,-0.02,0.05,-1.03,0.06,0.96,0.04,1
1759745762,121601.539,619509.1667,5806174.739,40.4858,-0.02,0.04,-1.03,0.06,0.97,0.04,1
1759745762,121601.539,619509.1862,5806174.787,40.4786,0.02,0.06,-1.03,0.08,0.96,0.06,1
1759745762,121601.757,619509.144,5806174.812,40.45,0.03,0.02,-1.04,0.09,0.97,0.03,1
1759745762,121601.96,619509.0355,5806174.905,40.4197,0.02,0.01,-1.04,0.06,0.97,0.01,1
1759745762,121602.163,619508.8186,5806174.845,40.4619,0.02,0.03,-1.04,0.05,0.97,0.03,1
1759745762,121602.367,619508.6999,5806174.836,40.4456,0.06,0,-1.05,0.08,0.97,0,1
1759745763,121602.57,619508.68,5806174.843,40.4537,0.07,0.02,-1.05,0.08,0.97,0.02,1
1759745763,121602.775,619508.4722,5806174.869,40.4003,0.05,0.01,-1.05,0.06,0.97,0.01,1
1759745763,121602.977,619508.2894,5806174.927,40.4324,0.05,0,-1.06,0.05,0.97,0,1
1759745763,121603.179,619508.1198,5806174.859,40.4524,0.05,0,-1.06,0.05,0.97,0,1
1759745763,121603.396,619507.6474,5806174.829,40.4356,0.05,0,-1.06,0.05,0.97,0,1
1759745764,121603.598,619507.3765,5806174.852,40.4139,0.05,0,-1.06,0.05,0.97,0,1
1759745764,121603.801,619507.2387,5806174.849,40.4341,0.05,0,-1.06,0.05,0.97,0,1
1759745764,121604.003,619507.0113,5806174.856,40.432,0.12,0.02,-1.05,0.06,0.97,0.02,1
1759745764,121604.205,619506.7984,5806174.86,40.4211,0.12,0.02,-1.05,0.06,0.97,0.02,1
1759745764,121604.409,619506.6192,5806174.862,40.4419,0.11,0.02,-1.05,0.03,0.98,0.03,1
1759745765,121604.626,619506.4448,5806174.884,40.4285,0.11,0.02,-1.05,0,0.99,0.02,1
1759745765,121604.83,619506.2197,5806174.903,40.4344,0.1,0.04,-1.05,-0.03,0.98,0.03,1
1759745765,121605.031,619506.0793,5806174.911,40.4345,0.1,0.01,-1.05,-0.06,0.97,0.01,1
1759745765,121605.231,619505.8365,5806174.918,40.3998,0.1,0.03,-1.05,-0.07,0.98,0.02,1
1759745765,121605.434,619505.6624,5806174.911,40.4199,0.09,0.03,-1.04,-0.08,0.97,0.02,1
1759745766,121605.651,619505.4701,5806174.899,40.418,0.08,0.03,-1.04,-0.08,0.98,0.02,1
1759745766,121605.854,619505.3423,5806174.903,40.4299,0.07,0.01,-1.05,-0.06,0.97,0.01,1
1759745766,121606.056,619505.2064,5806174.887,40.4144,0.06,0,-1.06,-0.05,0.98,0,1
1759745766,121606.26,619504.9663,5806174.863,40.414,0.05,0.02,-1.06,-0.01,1,0.02,1
1759745766,121606.463,619504.8059,5806174.868,40.4177,0.06,0.01,-1.06,0.02,0.99,0.01,1
1759745767,121606.665,619504.54,5806174.859,40.4096,0.04,0.03,-1.06,-0.01,1,0.03,1
1759745767,121606.882,619504.5473,5806174.857,40.4087,0.04,0.03,-1.06,-0.01,1,0.03,1
1759745767,121607.085,619504.2413,5806174.867,40.428,0.04,0.02,-1.06,0,1,0.02,1
1759745767,121607.288,619503.9894,5806174.849,40.4404,0.03,0.04,-1.05,-0.01,1,0.04,1
1759745767,121607.489,619503.8423,5806174.834,40.4389,0.04,0.03,-1.05,0,1,0.02,1
1759745768,121607.692,619503.6258,5806174.845,40.4343,0.03,0.03,-1.05,0,1,0.03,1
1759745768,121607.894,619503.435,5806174.874,40.4436,0.01,0.05,-1.04,-0.02,1,0.05,1
1759745768,121608.098,619503.3889,5806174.877,40.4394,0.02,0,-1.06,-0.06,0.97,0,1
1759745768,121608.315,619503.0743,5806174.898,40.4079,0.03,0.02,-1.05,-0.06,0.98,0.01,1
1759745769,121608.516,619502.959,5806174.901,40.3941,0.01,0.01,-1.06,-0.06,0.98,0.01,1
1759745769,121608.718,619502.7814,5806174.862,40.4389,-0.01,-0.01,-1.06,-0.08,0.98,-0.01,1
1759745769,121608.921,619502.6547,5806174.858,40.4105,-0.01,0.01,-1.06,-0.07,0.98,0.01,1
1759745769,121609.123,619502.4125,5806174.882,40.4075,-0.01,-0.01,-1.07,-0.05,0.98,-0.01,1
1759745769,121609.341,619502.2712,5806174.87,40.4296,-0.02,0.01,-1.07,-0.06,0.98,0.01,1
1759745770,121609.544,619502.008,5806174.83,40.4214,-0.03,0,-1.07,-0.06,0.97,0,1
1759745770,121609.744,619501.8063,5806174.836,40.4078,-0.04,0.01,-1.06,-0.06,0.98,0.01,1
1759745770,121609.744,619501.7503,5806174.818,40.4177,-0.05,0.03,-1.06,-0.01,1,0.03,1
1759745770,121609.947,619501.4957,5806174.794,40.4366,-0.06,0.05,-1.05,0,1,0.05,1
1759745770,121610.149,619501.503,5806174.793,40.4356,-0.06,0.05,-1.05,0.01,1,0.05,1
1759745770,121610.366,619501.161,5806174.792,40.4329,-0.07,0.04,-1.05,0.01,1,0.04,1
1759745771,121610.568,619500.9926,5806174.754,40.4287,-0.06,0.04,-1.05,0.01,1,0.04,1
1759745771,121610.77,619500.868,5806174.761,40.4121,-0.06,0.02,-1.06,0.03,0.99,0.02,1
1759745771,121610.972,619500.8783,5806174.752,40.417,-0.05,0.02,-1.05,0.04,0.99,0.02,1
1759745771,121611.174,619500.4349,5806174.761,40.4279,-0.05,0.04,-1.05,0.04,0.99,0.04,1
1759745771,121611.391,619500.4423,5806174.769,40.4268,-0.04,0.04,-1.05,0.07,0.99,0.03,1
1759745772,121611.595,619500.2535,5806174.756,40.4631,-0.01,0.04,-1.04,0.08,0.98,0.03,1
1759745772,121611.796,619500.0765,5806174.705,40.4493,-0.01,0.04,-1.05,0.08,0.98,0.04,1
1759745772,121612,619499.91,5806174.719,40.4164,-0.01,0,-1.06,0.06,0.99,0,1
1759745772,121612.202,619499.7891,5806174.773,40.427,-0.02,0.03,-1.05,0.04,0.99,0.02,1
1759745772,121612.404,619499.56,5806174.722,40.4591,0.01,0.01,-1.05,0.04,0.99,0.01,1
1759745773,121612.62,619499.432,5806174.702,40.4414,0.02,0.03,-1.05,0.05,0.99,0.03,1
1759745773,121612.823,619499.1654,5806174.698,40.4345,0,0.03,-1.04,0.03,0.99,0.03,1
1759745773,121613.024,619498.8072,5806174.708,40.4496,-0.01,0.04,-1.04,0.01,1,0.04,1
1759745773,121613.227,619498.8094,5806174.739,40.4525,0.03,0.04,-1.03,0.06,0.99,0.04,1
1759745773,121613.429,619498.6361,5806174.674,40.4265,0.04,0.02,-1.04,0.05,0.99,0.02,1
1759745774,121613.647,619498.5179,5806174.692,40.4168,0.01,0.04,-1.03,0.01,1,0.04,1
1759745774,121613.851,619498.3361,5806174.767,40.4327,0.02,0.03,-1.03,0.04,0.99,0.03,1
1759745774,121614.054,619498.1519,5806174.719,40.4454,0.05,0,-1.05,0.06,0.99,0,1
1759745774,121614.257,619498.1601,5806174.73,40.4465,0.06,0,-1.04,0.07,0.99,0.01,1
1759745774,121614.457,619497.8725,5806174.719,40.4217,0.06,0,-1.05,0.03,0.99,0.01,1
1759745775,121614.66,619497.8073,5806174.719,40.4374,0.05,-0.03,-1.06,0.01,1,-0.02,1
1759745775,121614.863,619497.5205,5806174.707,40.4588,0.05,0.02,-1.05,0,1,0.02,1
1759745775,121615.08,619497.4082,5806174.683,40.4592,0.05,0.03,-1.05,0,1,0.03,1
1759745775,121615.283,619497.4029,5806174.684,40.4229,0.05,-0.02,-1.07,0.01,1,-0.02,1
1759745775,121615.485,619497.1748,5806174.691,40.4537,0.06,0.01,-1.06,0.02,1,0.01,1
1759745776,121615.688,619497.0674,5806174.693,40.4743,0.06,0.01,-1.06,0.02,1,0.01,1
1759745776,121615.89,619496.9105,5806174.655,40.468,0.06,0.01,-1.06,0.02,1,0.01,1
1759745776,121616.094,619496.7796,5806174.621,40.4697,0.06,0.01,-1.06,0.02,1,0.01,1
1759745776,121616.312,619496.4357,5806174.657,40.4652,0.07,0.02,-1.06,0.02,1,0.02,1
1759745777,121616.515,619496.3232,5806174.621,40.485,0.06,0.03,-1.06,0.01,1,0.03,1
1759745777,121616.717,619496.2058,5806174.583,40.4947,0.07,0.01,-1.06,0.04,1,0.01,1
1759745777,121616.923,619496.1379,5806174.63,40.4813,0.08,0.03,-1.06,0.05,0.99,0.03,1
1759745777,121617.127,619496.0802,5806174.642,40.4636,0.08,0.02,-1.06,0.03,0.99,0.02,1
1759745777,121617.328,619496.1013,5806174.616,40.4916,0.08,0.02,-1.06,0.03,0.99,0.02,1
1759745778,121617.531,619496.1558,5806174.615,40.4905,0.08,0.03,-1.06,0.04,1,0.03,1
1759745778,121617.735,619496.184,5806174.645,40.4782,0.08,0.03,-1.06,0.04,1,0.03,1
1759745778,121617.952,619496.204,5806174.628,40.4781,0.08,0.03,-1.06,0.04,1,0.03,1
1759745778,121617.952,619496.2005,5806174.631,40.4785,0.08,0.03,-1.06,0.04,1,0.03,1
1759745778,121618.154,619496.1914,5806174.624,40.4885,0.08,0.03,-1.06,0.04,1,0.03,1
1759745778,121618.355,619496.1958,5806174.622,40.478,0.08,0.03,-1.06,0.04,1,0.03,1
1759745779,121618.557,619496.228,5806174.637,40.4957,0.08,0.03,-1.06,0.04,1,0.03,1
1759745779,121618.758,619496.246,5806174.635,40.5043,0.08,0.03,-1.06,0.04,1,0.03,1
1759745779,121618.977,619496.2515,5806174.636,40.5034,0.07,0.03,-1.06,0.03,1,0.03,1
1759745779,121619.18,619496.2205,5806174.643,40.4936,0.07,0.04,-1.06,0.01,1,0.03,1
1759745779,121619.381,619496.1583,5806174.615,40.5047,0.08,0.04,-1.06,0.02,1,0.03,1
1759745780,121619.584,619496.0768,5806174.602,40.5003,0.08,0.03,-1.06,0.03,1,0.03,1
1759745780,121619.786,619496.0039,5806174.636,40.5002,0.09,0.02,-1.06,0.03,0.99,0.02,1
1759745780,121619.989,619495.8399,5806174.632,40.4939,0.08,0.03,-1.06,0,1,0.03,1
1759745780,121620.208,619495.7971,5806174.64,40.5063,0.07,0,-1.06,-0.03,1,0,1
1759745780,121620.41,619495.6468,5806174.618,40.507,0.07,0,-1.06,-0.03,1,0,1
1759745781,121620.613,619495.4511,5806174.608,40.5073,0.07,0.01,-1.05,-0.05,0.99,0.01,1
1759745781,121620.815,619495.3073,5806174.601,40.5162,0.07,0.02,-1.05,-0.06,0.99,0.01,1
1759745781,121621.018,619495.0961,5806174.593,40.5166,0.06,0.05,-1.05,-0.03,1,0.05,1
1759745781,121621.222,619494.9035,5806174.609,40.5389,0.06,0.05,-1.04,-0.03,1,0.05,1
1759745781,121621.423,619494.7218,5806174.615,40.5389,0.06,0.06,-1.04,-0.03,0.99,0.05,1
1759745782,121621.642,619494.7256,5806174.613,40.5164,0.05,0.04,-1.04,-0.02,1,0.04,1
1759745782,121621.844,619494.727,5806174.585,40.5013,0.06,0,-1.06,-0.03,0.99,0,1
1759745782,121622.047,619494.5484,5806174.571,40.5042,0.06,0.03,-1.05,-0.02,1,0.02,1
1759745782,121622.251,619494.5315,5806174.588,40.5219,0.05,0,-1.06,-0.03,1,0,1
1759745782,121622.454,619494.5163,5806174.592,40.5183,0.04,0,-1.06,-0.04,1,0,1
1759745783,121622.657,619494.3679,5806174.622,40.5385,0.04,0,-1.06,-0.04,1,0,1
1759745783,121622.858,619494.1171,5806174.583,40.5378,0.05,0.02,-1.05,0,1,0.02,1
1759745783,121623.077,619493.9061,5806174.564,40.5468,0.05,0.02,-1.05,0,1,0.02,1
1759745783,121623.278,619493.474,5806174.596,40.5259,0.04,0.04,-1.04,-0.02,1,0.04,1
1759745783,121623.48,619493.3319,5806174.603,40.5459,0.04,0.04,-1.04,-0.01,1,0.04,1
1759745784,121623.681,619493.3379,5806174.612,40.5464,0.04,0.03,-1.04,-0.01,1,0.03,1
1759745784,121623.883,619493.0454,5806174.607,40.5231,0.03,0.04,-1.04,-0.02,1,0.04,1
1759745784,121624.102,619492.9513,5806174.595,40.5303,0.03,0,-1.04,-0.05,0.99,0,1
1759745784,121624.303,619492.8046,5806174.579,40.5352,0.03,0.02,-1.05,-0.01,1,0.02,1
1759745785,121624.508,619492.4972,5806174.634,40.5268,0.03,0.03,-1.05,-0.01,1,0.02,1
1759745785,121624.711,619492.2325,5806174.585,40.5526,0.03,0,-1.05,-0.03,0.99,0,1
1759745785,121624.912,619492.0739,5806174.559,40.5494,0.01,0.05,-1.05,-0.03,0.99,0.04,1
1759745785,121625.116,619491.994,5806174.581,40.5196,0.03,0.03,-1.05,-0.01,1,0.03,1
1759745785,121625.333,619492.003,5806174.557,40.5175,0.03,0,-1.06,-0.03,1,0,1
1759745786,121625.536,619491.7996,5806174.564,40.5268,0.02,0.03,-1.05,-0.02,1,0.03,1
1759745786,121625.742,619491.5887,5806174.49,40.5788,0.01,0.02,-1.06,-0.01,1,0.02,1
1759745786,121625.943,619491.3516,5806174.528,40.5468,0.01,0.01,-1.06,-0.01,1,0.01,1
1759745786,121626.143,619491.2619,5806174.601,40.5155,0.02,0.03,-1.06,0,1,0.03,1
1759745786,121626.143,619491.3072,5806174.547,40.5038,0.02,0,-1.07,0.02,1,0,1
1759745786,121626.343,619491.1929,5806174.584,40.5005,0.01,0,-1.07,-0.02,1,0,1
1759745787,121626.561,619491.053,5806174.546,40.5485,0,0,-1.07,-0.02,1,0,1
1759745787,121626.763,619490.8886,5806174.514,40.5431,0.01,-0.02,-1.08,0.01,1,-0.02,1
1759745787,121626.968,619490.6943,5806174.535,40.5249,0.02,0,-1.08,0.02,1,0,1
1759745787,121627.172,619490.4769,5806174.591,40.5019,0.01,0.02,-1.07,0,1,0.02,1
1759745787,121627.376,619490.1378,5806174.583,40.5233,0,0.05,-1.06,-0.01,1,0.04,1
1759745788,121627.578,619489.7539,5806174.583,40.5471,0,0.09,-1.04,0.01,1,0.08,1
1759745788,121627.781,619489.538,5806174.543,40.5518,0,0.09,-1.03,0,1,0.09,1
1759745788,121627.983,619489.392,5806174.483,40.5437,0.01,0.08,-1.05,0.02,1,0.08,1
1759745788,121628.2,619489.7126,5806174.449,40.5129,0.02,0.03,-1.08,0.01,1,0.03,1
1759745788,121628.401,619489.9394,5806174.533,40.4697,0.02,-0.08,-1.09,0.03,1,-0.07,1
1759745789,121628.603,619489.6958,5806174.61,40.4778,0.01,-0.07,-1.09,0.01,1,-0.06,1
1759745789,121628.805,619489.4258,5806174.614,40.4857,0.01,-0.03,-1.09,0.01,1,-0.03,1
1759745789,121629.008,619489.2339,5806174.627,40.428,0.04,-0.04,-1.1,0.04,1,-0.03,1
1759745789,121629.225,619488.9081,5806174.621,40.4429,0.04,0,-1.1,0.04,1,0,1
1759745789,121629.428,619488.7969,5806174.641,40.4613,0.02,-0.02,-1.1,0,1,-0.02,1
1759745790,121629.631,619488.5989,5806174.638,40.4782,0.02,-0.02,-1.1,0.01,1,-0.02,1
1759745790,121629.832,619488.3462,5806174.643,40.4492,0.04,0.01,-1.1,0.02,1,0.01,1
1759745790,121630.034,619488.145,5806174.635,40.4297,0.04,0,-1.1,0.02,1,0,1
1759745790,121630.253,619487.8291,5806174.617,40.4611,0.02,0.04,-1.1,-0.02,1,0.03,1
1759745790,121630.455,619487.5924,5806174.622,40.4772,0.04,0.04,-1.09,0.01,1,0.04,1
1759745791,121630.66,619487.347,5806174.611,40.4601,0.05,0.05,-1.09,0.02,1,0.05,1
1759745791,121630.861,619487.1285,5806174.637,40.4281,0.05,0.06,-1.08,0.02,1,0.06,1
1759745791,121631.063,619486.9644,5806174.633,40.4565,0.04,0.06,-1.08,0,0.99,0.05,1
1759745791,121631.264,619486.7557,5806174.626,40.4696,0.05,0.07,-1.06,0.01,0.99,0.07,1
1759745791,121631.483,619486.5404,5806174.621,40.4763,0.05,0.07,-1.05,0.03,1,0.07,1
1759745792,121631.684,619486.2855,5806174.659,40.4713,0.05,0.09,-1.03,0.01,1,0.09,1
1759745792,121631.888,619486.1495,5806174.642,40.4837,0.03,0.1,-1.03,0,0.99,0.09,1
1759745792,121632.09,619486.2554,5806174.601,40.4547,0.05,0.04,-1.06,-0.01,0.99,0.04,1
1759745792,121632.293,619486.2379,5806174.617,40.432,0.06,0.02,-1.07,0.02,1,0.02,1
1759745792,121632.494,619486.2562,5806174.628,40.4277,0.05,0.01,-1.07,0.02,1,0.01,1
1759745793,121632.712,619486.3291,5806174.675,40.4464,0.04,-0.03,-1.08,-0.06,0.99,-0.03,1
1759745793,121632.912,619485.9885,5806174.641,40.4682,0.04,-0.02,-1.07,-0.06,0.99,-0.02,1
1759745793,121633.114,619485.9761,5806174.649,40.4653,0.05,0,-1.07,-0.03,1,0,1
1759745793,121633.315,619485.8919,5806174.627,40.4474,0.05,-0.03,-1.08,0.01,1,-0.03,1
1759745794,121633.518,619485.5908,5806174.638,40.4503,0.04,0,-1.08,-0.03,1,0,1
1759745794,121633.736,619485.5759,5806174.634,40.4545,0.03,0,-1.08,-0.02,1,0,1
1759745794,121633.941,619485.374,5806174.613,40.4642,0.03,0,-1.08,-0.02,1,0,1
1759745794,121634.146,619485.3514,5806174.611,40.4656,0.03,0,-1.08,-0.02,1,0,1
1759745794,121634.347,619485.2714,5806174.63,40.4656,0.03,0,-1.08,-0.02,1,0,1
1759745794,121634.347,619485.306,5806174.634,40.4685,0.03,-0.01,-1.07,-0.03,1,-0.01,1
1759745795,121634.55,619485.1821,5806174.612,40.4739,0.03,0,-1.08,-0.03,1,0,1
1759745795,121634.751,619485.1556,5806174.61,40.4738,0.03,0,-1.08,-0.03,1,0,1
1759745795,121634.953,619485.0689,5806174.62,40.4865,0.03,0,-1.07,-0.03,1,0,1
1759745795,121635.169,619484.9279,5806174.584,40.5189,0.03,0,-1.07,-0.04,0.99,0,1
1759745795,121635.371,619484.7476,5806174.583,40.5106,0.03,0,-1.07,-0.03,1,0,1
1759745796,121635.573,619484.5537,5806174.607,40.5111,0.03,0,-1.07,-0.03,1,0,1
1759745796,121635.776,619484.2958,5806174.618,40.5152,0.02,0.01,-1.07,-0.05,0.99,0.01,1
1759745796,121635.979,619484.1494,5806174.643,40.5061,0.02,0,-1.07,-0.04,1,0,1
1759745796,121636.194,619483.9612,5806174.618,40.526,0.01,0.03,-1.06,-0.02,1,0.03,1
1759745796,121636.395,619483.7933,5806174.617,40.5313,0.02,0.02,-1.06,0,1,0.02,1
1759745797,121636.6,619483.5991,5806174.63,40.525,0.02,0.02,-1.06,0,1,0.02,1
1759745797,121636.803,619483.389,5806174.628,40.5176,0.01,0.04,-1.06,-0.02,1,0.04,1
1759745797,121637.006,619483.3294,5806174.639,40.5359,0.01,0,-1.06,-0.03,1,0,1
1759745797,121637.222,619483.0323,5806174.629,40.5418,0.01,0.03,-1.05,0,1,0.03,1
1759745797,121637.424,619482.884,5806174.638,40.5207,0.02,0.03,-1.05,0.03,1,0.03,1
1759745798,121637.626,619482.8054,5806174.645,40.5131,0.02,0,-1.06,0.02,1,0,1
1759745798,121637.829,619482.5152,5806174.659,40.5239,0.01,0.03,-1.05,0.01,1,0.03,1
1759745798,121638.031,619482.372,5806174.673,40.5372,0.02,0.01,-1.05,0.03,1,0.01,1
1759745798,121638.235,619482.0968,5806174.656,40.5293,0.03,0.02,-1.05,0.03,1,0.02,1
1759745798,121638.452,619481.8722,5806174.635,40.5142,0.03,0.04,-1.05,0.04,1,0.04,1
1759745799,121638.654,619481.7423,5806174.658,40.5131,0.03,0.02,-1.05,0.04,1,0.02,1
1759745799,121638.855,619481.737,5806174.656,40.5178,0.03,0.05,-1.04,0.02,1,0.04,1
1759745799,121639.059,619481.4882,5806174.704,40.5597,0.04,0.03,-1.04,0.03,1,0.03,1
1759745799,121639.26,619481.1102,5806174.673,40.5316,0.05,0.04,-1.04,0.03,1,0.04,1
1759745799,121639.463,619481.0961,5806174.67,40.539,0.06,0.04,-1.03,0.04,1,0.04,1
1759745800,121639.68,619480.8943,5806174.713,40.5239,0.06,0.04,-1.03,0.05,1,0.05,1
1759745800,121639.881,619480.7079,5806174.759,40.4929,0.06,0.05,-1.03,0.02,1,0.05,1
1759745800,121640.083,619480.5519,5806174.74,40.4995,0.07,0.01,-1.05,0.03,1,0.01,1
1759745800,121640.287,619480.2665,5806174.711,40.4583,0.07,0.03,-1.04,0.03,1,0.03,1
1759745800,121640.488,619480.1071,5806174.739,40.4897,0.07,0.03,-1.04,0.01,1,0.03,1
1759745801,121640.694,619479.9256,5806174.723,40.4931,0.07,0.03,-1.04,0.01,1,0.03,1
1759745801,121640.912,619479.6325,5806174.742,40.4773,0.09,0.04,-1.03,0.04,1,0.04,1
1759745801,121641.113,619479.4068,5806174.759,40.4532,0.09,0,-1.05,0.03,1,0,1
1759745801,121641.313,619479.2421,5806174.761,40.4627,0.09,0.02,-1.04,-0.01,1,0.02,1
1759745802,121641.515,619479.1031,5806174.777,40.4626,0.08,0.03,-1.04,-0.01,1,0.03,1
1759745802,121641.719,619478.9251,5806174.799,40.4477,0.09,0,-1.04,-0.03,1,-0.01,1
1759745802,121641.935,619478.7405,5806174.766,40.4573,0.08,0.03,-1.05,-0.02,1,0.02,1
1759745802,121642.137,619478.5729,5806174.762,40.461,0.08,0.02,-1.04,-0.01,1,0.02,1
1759745802,121642.34,619478.4197,5806174.766,40.4936,0.09,0.02,-1.04,0,1,0.02,1
1759745803,121642.542,619478.2833,5806174.789,40.4663,0.09,0.02,-1.05,0,1,0.02,1
1759745803,121642.542,619478.2833,5806174.782,40.4607,0.09,0.02,-1.05,0,1,0.02,1
1759745803,121642.744,619478.1129,5806174.786,40.456,0.09,0.02,-1.05,-0.01,1,0.02,1
1759745803,121642.961,619477.9909,5806174.776,40.4735,0.09,0,-1.05,-0.02,1,0,1
1759745803,121643.163,619477.7672,5806174.787,40.4647,0.09,0.02,-1.05,-0.01,1,0.02,1
1759745803,121643.365,619477.598,5806174.803,40.4533,0.08,0.02,-1.05,-0.01,1,0.02,1
1759745804,121643.567,619477.4574,5806174.775,40.4789,0.07,0.02,-1.04,-0.01,1,0.02,1
1759745804,121643.77,619477.2673,5806174.745,40.5115,0.09,0.02,-1.05,0,1,0.02,1
1759745804,121643.973,619477.3183,5806174.753,40.5053,0.09,0,-1.05,0.02,1,0,1
1759745804,121644.19,619477.164,5806174.777,40.472,0.08,0.02,-1.05,0,1,0.02,1
1759745804,121644.392,619476.98,5806174.817,40.4464,0.08,0,-1.05,-0.02,1,0,1
1759745805,121644.593,619476.786,5806174.835,40.4839,0.08,0.02,-1.05,-0.01,1,0.02,1
1759745805,121644.798,619476.5491,5806174.79,40.5123,0.08,0.03,-1.04,0,1,0.03,1
1759745805,121645,619476.1455,5806174.84,40.4927,0.08,0.02,-1.04,0,1,0.02,1
1759745805,121645.217,619475.867,5806174.88,40.5109,0.07,0.04,-1.03,-0.01,1,0.04,1
1759745805,121645.42,619475.8041,5806174.896,40.495,0.07,0.02,-1.04,-0.01,1,0.02,1
1759745806,121645.622,619475.75,5806174.877,40.4746,0.08,-0.02,-1.05,0.01,1,-0.02,1
1759745806,121645.824,619475.7347,5806174.87,40.4774,0.08,0,-1.05,0.03,1,0,1
1759745806,121646.025,619475.3103,5806174.953,40.4553,0.08,0,-1.06,0.02,1,0,1
1759745806,121646.229,619475.3087,5806174.958,40.4562,0.06,0,-1.06,-0.03,1,0,1
1759745806,121646.448,619475.0706,5806175.009,40.4906,0.08,0.02,-1.06,-0.01,1,0.02,1
1759745807,121646.651,619474.8885,5806174.974,40.4755,0.09,0.01,-1.07,0.02,1,0.01,1
1759745807,121646.852,619474.7373,5806174.973,40.475,0.09,0.02,-1.07,0.02,1,0.02,1
1759745807,121647.054,619474.5169,5806175.03,40.4548,0.09,0.02,-1.08,0,1,0.02,1
1759745807,121647.256,619474.4296,5806175.053,40.4723,0.1,0.02,-1.08,-0.01,1,0.02,1
1759745807,121647.458,619474.2366,5806175.072,40.4586,0.1,0,-1.08,-0.03,1,-0.01,1
1759745808,121647.675,619474.1035,5806175.084,40.454,0.1,0,-1.09,-0.03,1,0,1
1759745808,121647.878,619473.7374,5806175.103,40.4369,0.1,0,-1.09,-0.02,1,0,1
1759745808,121648.079,619473.7469,5806175.093,40.4385,0.1,0,-1.09,-0.03,1,0,1
1759745808,121648.28,619473.5282,5806175.18,40.4486,0.1,0,-1.09,-0.03,1,0,1
1759745808,121648.484,619473.3587,5806175.18,40.4763,0.1,0,-1.1,-0.02,1,0,1
1759745809,121648.701,619472.9698,5806175.232,40.4384,0.1,0,-1.09,-0.04,1,0,1
1759745809,121648.905,619472.8333,5806175.261,40.459,0.09,0,-1.09,-0.05,1,0,1
1759745809,121649.107,619472.6123,5806175.272,40.481,0.09,0.01,-1.09,-0.05,0.99,0.01,1
1759745809,121649.309,619472.4869,5806175.274,40.4704,0.1,-0.01,-1.09,-0.03,0.99,-0.01,1
1759745810,121649.511,619472.3029,5806175.315,40.446,0.1,0,-1.09,-0.04,0.99,0,1
1759745810,121649.713,619471.9625,5806175.356,40.4562,0.1,0.01,-1.09,-0.04,0.99,0,1
1759745810,121649.931,619471.96,5806175.366,40.4554,0.09,0.01,-1.1,-0.04,0.99,0,1
1759745810,121650.133,619471.7515,5806175.375,40.4546,0.09,0.01,-1.1,-0.04,0.99,0,1
1759745810,121650.337,619471.3648,5806175.446,40.4464,0.09,0.01,-1.1,-0.04,0.99,0,1
1759745811,121650.539,619471.1811,5806175.451,40.4603,0.08,0.01,-1.09,-0.05,0.99,0.01,1
1759745811,121650.741,619471.0126,5806175.492,40.4293,0.09,0.01,-1.09,-0.05,0.99,0,1
1759745811,121650.741,619471.0083,5806175.479,40.4293,0.09,0.01,-1.09,-0.05,0.99,0,1
1759745811,121650.944,619470.8277,5806175.526,40.4301,0.09,0.01,-1.09,-0.05,0.99,0,1
1759745811,121651.159,619470.8177,5806175.503,40.4311,0.07,0.01,-1.09,-0.05,0.99,0.01,1
1759745811,121651.363,619470.6274,5806175.549,40.4438,0.07,0.01,-1.09,-0.04,0.99,0,1
1759745812,121651.565,619470.424,5806175.564,40.447,0.07,0.03,-1.09,-0.02,0.99,0.03,1
1759745812,121651.766,619470.243,5806175.576,40.4385,0.07,0.03,-1.09,-0.02,0.99,0.03,1
1759745812,121651.969,619469.915,5806175.617,40.4406,0.06,0.03,-1.1,-0.01,0.99,0.03,1
1759745812,121652.173,619469.9185,5806175.625,40.44,0.06,0.03,-1.1,-0.01,0.99,0.03,1
1759745812,121652.39,619469.7694,5806175.621,40.4466,0.06,0.03,-1.09,-0.01,1,0.03,1
1759745813,121652.592,619469.4693,5806175.691,40.4366,0.06,0.03,-1.09,-0.01,1,0.03,1
1759745813,121652.796,619469.3129,5806175.699,40.4493,0.06,0.03,-1.09,-0.02,0.99,0.03,1
1759745813,121652.998,619469.1776,5806175.719,40.4514,0.06,0.03,-1.09,-0.02,0.99,0.03,1
1759745813,121653.2,619469.0474,5806175.737,40.4388,0.06,0.03,-1.09,-0.02,0.99,0.03,1
1759745813,121653.404,619469.061,5806175.742,40.4406,0.05,0.03,-1.09,-0.01,0.99,0.03,1
1759745814,121653.619,619469.0044,5806175.742,40.4491,0.05,0.03,-1.09,-0.01,0.99,0.03,1
1759745814,121653.823,619468.7697,5806175.755,40.4299,0.06,0.03,-1.09,0,1,0.03,1
1759745814,121654.026,619468.6062,5806175.791,40.439,0.06,0.03,-1.08,0.01,1,0.03,1
1759745814,121654.227,619468.4346,5806175.808,40.4593,0.06,0.03,-1.08,0.01,1,0.03,1
1759745814,121654.429,619468.2619,5806175.818,40.4743,0.06,0.04,-1.06,0.01,0.99,0.04,1
1759745815,121654.645,619468.1332,5806175.839,40.4688,0.07,0.03,-1.06,0.03,0.98,0.03,1
1759745815,121654.847,619467.9682,5806175.846,40.4588,0.07,0.03,-1.06,0.03,0.98,0.03,1
1759745815,121655.049,619467.7352,5806175.889,40.4601,0.07,0.03,-1.06,0.03,0.98,0.03,1
1759745815,121655.253,619467.5977,5806175.933,40.4882,0.07,0.03,-1.06,0.03,0.98,0.03,1
1759745815,121655.457,619467.4548,5806175.913,40.516,0.07,0.03,-1.06,0.03,0.98,0.03,1
1759745816,121655.659,619467.3368,5806175.918,40.5078,0.11,-0.01,-1.06,0.06,0.99,0,1
1759745816,121655.878,619467.143,5806175.945,40.4762,0.11,-0.01,-1.06,0.06,0.99,0,1
1759745816,121656.082,619466.9667,5806175.995,40.4767,0.11,-0.01,-1.06,0.06,0.99,0,1
1759745816,121656.287,619466.7759,5806176.027,40.5052,0.11,0.01,-1.05,0.03,0.98,0.01,1
1759745816,121656.493,619466.5441,5806176,40.519,0.11,0.01,-1.05,0.03,0.98,0.01,1
1759745817,121656.696,619466.5736,5806176.128,40.5169,0.17,0,-1.06,0.08,0.98,0.01,1
1759745817,121656.898,619466.4503,5806176.044,40.4924,0.17,0,-1.06,0.08,0.98,0.01,1
1759745817,121657.101,619466.1441,5806176.169,40.4652,0.17,0.02,-1.04,0.06,0.98,0.02,1
1759745817,121657.303,619465.9911,5806176.163,40.5129,0.16,0.03,-1.04,0.05,0.98,0.03,1
1759745818,121657.504,619465.9027,5806176.148,40.5339,0.16,0.03,-1.04,0.05,0.98,0.03,1
1759745818,121657.722,619465.899,5806176.133,40.4897,0.16,0.03,-1.04,0.05,0.98,0.03,1
1759745818,121657.925,619465.8969,5806176.123,40.4981,0.16,0.03,-1.04,0.05,0.98,0.03,1
1759745818,121658.127,619465.8939,5806176.115,40.5091,0.16,0.03,-1.04,0.05,0.98,0.03,1
1759745818,121658.331,619465.9483,5806176.15,40.4775,0.16,0.03,-1.04,0.05,0.98,0.03,1
1759745819,121658.535,619465.9657,5806176.145,40.4738,0.16,0.03,-1.04,0.05,0.98,0.03,1
1759745819,121658.739,619465.9756,5806176.105,40.4848,0.16,0.03,-1.04,0.05,0.98,0.03,1
1759745819,121658.942,619465.9767,5806176.139,40.4762,0.16,0.03,-1.04,0.05,0.98,0.03,1
1759745819,121658.942,619465.9743,5806176.119,40.4744,0.16,0.03,-1.04,0.05,0.98,0.03,1
1759745819,121659.146,619465.9759,5806176.159,40.4552,0.16,0.03,-1.04,0.05,0.98,0.03,1
1759745819,121659.352,619465.9781,5806176.125,40.4756,0.16,0.03,-1.04,0.05,0.98,0.03,1
1759745820,121659.555,619465.9781,5806176.135,40.4656,0.16,0.03,-1.04,0.05,0.98,0.03,1
1759745820,121659.758,619465.9781,5806176.155,40.4556,0.16,0.03,-1.04,0.05,0.98,0.03,1
1759745820,121659.976,619465.9781,5806176.135,40.4656,0.16,0.03,-1.04,0.05,0.98,0.03,1
1759745820,121700.179,619465.9781,5806176.135,40.4656,0.16,0.03,-1.04,0.05,0.98,0.03,1
1759745820,121700.381,619465.9781,5806176.135,40.4656,0.16,0.03,-1.04,0.05,0.98,0.03,1
1759745821,121700.583,619465.9781,5806176.135,40.4656,0.16,0.03,-1.04,0.05,0.98,0.03,1
1759745821,121700.787,619465.9781,5806176.135,40.4656,0.16,0.03,-1.04,0.05,0.98,0.03,1
1759745821,121700.989,619465.9781,5806176.135,40.4656,0.16,0.03,-1.04,0.05,0.98,0.03,1
1759745821,121701.193,619465.9781,5806176.135,40.4656,0.16,0.03,-1.04,0.05,0.98,0.03,1
1759745821,121701.412,619465.9781,5806176.135,40.4656,0.16,0.03,-1.04,0.05,0.98,0.03,1
1759745822,121701.615,619465.9781,5806176.135,40.4656,0.16,0.03,-1.04,0.05,0.98,0.03,1
1759745822,121701.82,619465.9781,5806176.135,40.4656,0.16,0.03,-1.04,0.05,0.98,0.03,1
1759745822,121702.025,619465.9781,5806176.135,40.4656,0.16,0.03,-1.04,0.05,0.98,0.03,1
1759745822,121702.229,619465.9781,5806176.135,40.4656,0.16,0.03,-1.04,0.05,0.98,0.03,1
1759745822,121702.432,619465.9781,5806176.135,40.4656,0.16,0.03,-1.04,0.05,0.98,0.03,1
1759745823,121702.634,619465.9781,5806176.135,40.4656,0.16,0.03,-1.04,0.05,0.98,0.03,1
1759745823,121702.836,619465.9781,5806176.135,40.4656,0.16,0.03,-1.04,0.05,0.98,0.03,1
